USER_ID;HORAS_DATASCIENCE;HORAS_BACKEND;HORAS_FRONTEND;NUM_CURSOS_BEGINNER_DATASCIENCE;NUM_CURSOS_BEGINNER_BACKEND;NUM_CURSOS_BEGINNER_FRONTEND;NUM_CURSOS_ADVANCED_DATASCIENCE;NUM_CURSOS_ADVANCED_BACKEND;NUM_CURSOS_ADVANCED_FRONTEND;AVG_SCORE_DATASCIENCE;AVG_SCORE_BACKEND;AVG_SCORE_FRONTEND;PERFIL
67639194;50;43;4;1;6;4;1;3;3;74;59;53;beginner_front_end
48921285;41;12;6;3;6;3;3;6;4;84;77;72;beginner_front_end
32200921;34;31;34;4;2;2;5;2;3;75;79;65;beginner_front_end
73299926;49;10;9;0;5;3;3;2;1;60;73;71;beginner_front_end
7573251;46;19;30;2;5;5;3;6;2;73;41;63;beginner_front_end
50651224;63;40;15;?;3;2;1;2;3;60;58;47;beginner_front_end
79973555;22;63;9;5;7;3;0;5;3;88;77;51;beginner_front_end
93850707;28;27;48;4;7;0;6;3;1;75;86;66;beginner_front_end
94729069;12;39;23;0;3;0;1;8;7;90;46;40;beginner_front_end
80696078;22;42;18;4;6;0;1;5;4;82;84;53;beginner_front_end
69211796;51;38;27;0;4;0;0;5;2;?;38;41;beginner_front_end
32631683;0;54;30;5;1;1;3;6;5;100;59;47;beginner_front_end
1561670;13;51;30;4;5;3;3;8;5;97;69;54;beginner_front_end
29372594;27;117;2;0;4;0;0;7;4;?;40;3;beginner_front_end
10415230;66;0;49;3;1;2;3;7;3;60;31;58;beginner_front_end
86782171;26;8;7;4;2;1;3;7;3;90;78;69;beginner_front_end
18780827;69;43;12;3;7;4;3;2;3;64;67;53;beginner_front_end
99125399;57;30;12;1;5;1;1;5;2;73;45;50;beginner_front_end
88177939;59;33;32;5;6;5;4;7;6;72;58;62;beginner_front_end
89725173;10;22;49;0;1;0;3;7;3;83;47;53;beginner_front_end
15286062;27;71;18;5;5;0;2;3;5;86;62;32;beginner_front_end
178465;62;20;16;4;8;3;4.1;4;6;63;70;64;beginner_front_end
28179431;46;44;32;4;3;0;0;4;4;73;50;45;beginner_front_end
29439614;64;29;59;6;4;5;2;7;4;67;42;55;beginner_front_end
58114211;77;40;42;0;2;3;0;7;0;?;17;42;beginner_front_end
43621391;49;32;33;3;7;4;2;3;2;70;72;63;beginner_front_end
97495574;52;17;17;7;7;4;3;5;6;76;73;65;beginner_front_end
96114205;45;23;24;4;7;3;5;3;4;77;75;60;beginner_front_end
18553912;50;0;51;3;4;4;3;5;2;64;58;77;beginner_front_end
58013941;28;38;19;2;5;2;1;6;2;87;65;56;beginner_front_end
20867576;1240000;0;55;2;5;8;3;5;0;29;32;71;beginner_front_end
38180415;42;52;47;4;5;2;2;6;3;70;58;47;beginner_front_end
64060070;51;36;45;4;3;3;4;3;4;75;52;56;beginner_front_end
11597977;95;4;20;3;7;8;4;3;2;41;67;78;beginner_front_end
8058041;41;44;38;5;4;4;2;6;1;76;55;54;beginner_front_end
72021743;96;20;31;2;7;6.3;4;5;5;44;46;58;beginner_front_end
69685256;92;23;44;5;5;6;2;5;3;50;30;56;beginner_front_end
91953629;81;23;20;2;5;6;1;4;1;62;32;55;beginner_front_end
74374363;42;41;37;2;4;1;5;6;5;81;61;54;beginner_front_end
54988848;45;20;46;5;6;4;4;7;5;77;47;57;beginner_front_end
86386923;78;25;36;5;6;5;3;5;3;58;47;60;beginner_front_end
87380499;28;13;50;4;3;3;3;9;3;78;58;70;beginner_front_end
13249379;55;?;19;3;5;3;1;4;2;66;52;55;beginner_front_end
91750505;50;26;41;3;6;2;3;7;5;68;56;56;beginner_front_end
96234313;46;32;30;4;4;5;3;5;5;81;40;54;beginner_front_end
1252971;58;38;57;2;6;3;5;6;4;60;51;58;beginner_front_end
38042042;54;26;63;3;4;3;3;6;2;61;49;63;beginner_front_end
9779442;62;0;0;2;6;3;3;2;5;63;66;70;beginner_front_end
65499334;23;28;20;1;3;0;0;3;1;83;69;52;beginner_front_end
59765434;45;22;22;2;2;0;3;3;3;69;52;54;beginner_front_end
68067455;45;22;46;3;4;2;4;5;3;70;33;54;beginner_front_end
29915131;100;0;37;3;7;9;6;3;1;44;57;93;beginner_front_end
94558625;85;24;0;1;6;1;0;0;1;47;52;42;beginner_front_end
43570997;37;45;62;3;4;0;0;4;2;53;84;62;beginner_front_end
53154965;52;26;34;2;4;3;4;5;1;68;47;58;beginner_front_end
56567161;77;12;23;3;7;6;5;4;4;56;65;75;beginner_front_end
63212544;33;18;56;4;4;2;5;8;5;80;57;66;beginner_front_end
16068669;45;18;46;5;3;4;5;5;4;76;53;63;beginner_front_end
97942908;59;15;22;5;5;5;5;6;5;78;62;68;beginner_front_end
8539865;45;57;9;4;3;2;0;7;5;77;51;41;beginner_front_end
67639194;50;43;4;1;6;4;1;3;3;74;59;53;beginner_front_end
58012226;100;25;6;1;9;6;4;1;2;43;74;68;beginner_front_end
33425076;72;20;49;6;7;8;7;4;3;62;51;69;beginner_front_end
24478486;56;28;16;4;5;2;4;2;6;72;50;49;beginner_front_end
92162299;49;43;51;2;8;3;3;4;1;68;74;60;beginner_front_end
34671756;61;35;10;3;5;2;3;5;4;69;55;51;beginner_front_end
39402854;53;37;7;3;9;1;4;2;4;75;99;58;beginner_front_end
70795541;76;18;43;2;8;4;4;5;2;44;71;70;beginner_front_end
15569820;16;77;22;4;5;0;2;7;5;92;76;39;beginner_front_end
79039191;49;23;47;2;2;3;2;7;2;75;35;54;beginner_front_end
38743746;83;20;47;5;8;6;7;6;5;59;59;70;beginner_front_end
14674079;56;23;0;4;5;4;3;5;6;82;57;61;beginner_front_end
8474613;28;0;56;2;2;1;1;7;0;74;43;67;beginner_front_end
64347425;11;33;37;5;4;1;2;8;5;99;53;53;beginner_front_end
178465;62;20;16;4;8;3;4;4;6;63;70;64;beginner_front_end
70549451;71;43;12;3;4;2;1;5;4;65;36;37;beginner_front_end
70108363;70;1;34;1;5;6;0;9;0;63;33;71;beginner_front_end
45383540;92;0;17;3;10;6;4;4;2;49;94;86;beginner_front_end
61605153;26;14;37;2;5;1;2;6;2;78;77;68;beginner_front_end
16175177;19;47;37;3;4;0;2;6;5;81;52;39;beginner_front_end
56146376;47;35;38;2;3;2;1;8;3;77;21;43;beginner_front_end
38321075;31;24;18;5;2;0;2;3;4;70;70;48;beginner_front_end
66689892;16;54;46;5;3;0;3;4;5;82;46;42;beginner_front_end
69191052;66;5;19;4;3;6;2;4;2;65;59;69;beginner_front_end
84198899;77;26;22;3;5;7;1;3;2;64;49;62;beginner_front_end
16411379;45;25;46;2;7;?;4;5;6;69;70;61;beginner_front_end
14303995;35;23;29;1;5;1;4;8;4;81;49;58;beginner_front_end
11624178;50;4;63;2;3;3;3;5;0;59;48;66;beginner_front_end
10570228;52;0;69;3;5;3;6;8;4;65;56;82;beginner_front_end
48307156;68;39;9;0;6;3;1;5;0;59;65;53;beginner_front_end
74924421;47;38;59;6;5;4;2;5;3;69;67;60;beginner_front_end
48875364;14;52;33;5;2;0;1;3;2;84;60;42;beginner_front_end
8010320;79;33;10;2;3;4;1;5;2;55;47;51;beginner_front_end
52916634;61;37;0;3;1;3;0;2;2;65;38;45;beginner_front_end
67312832;22;49;26;2;5;1;4;5;5;80;66;52;beginner_front_end
97896906;30;49;13;1;4;2;1;7;1;89;53;52;beginner_front_end
8817108;43;43;20;0;3;1;1;6;1;74;42;48;beginner_front_end
59996574;39;55;25;3;3;1;3;5;3;75;68;50;beginner_front_end
28456015;39;6;37;6;4;3;5;4;4;74;65;68;beginner_front_end
70686081;90;17;45;4;5;3;5;3;1;51;54;59;beginner_front_end
26304550;41;31;56;3;6;3;4;5;0;66;71;68;beginner_front_end
18136929;29;41;0;3;6;1;4;6;11;95;70;46;beginner_front_end
86413954;57;41;22;2;5;2;3;5;2;76;59;54;beginner_front_end
36529061;50;4;56;5;4;4;3;6;2;67;47;69;beginner_front_end
40069974;100;0;60;2;8;7;6;4;1;36;70;92;beginner_front_end
951003;14;8;70;5;4;1;5;4;2;82;74;68;beginner_front_end
88324465;62;35;35;3;8;4;2;5;2;69;60;57;beginner_front_end
78096319;31;44;10;3;2;1;4;7;4;88;68;52;beginner_front_end
57659692;57;33;42;5;5;5;6;3;4;67;64;64;beginner_front_end
16569204;42;55;41;2;5;0;2;3;1;67;75;41;beginner_front_end
38321075;31;24;18;5;2;0;2;3;4;70;70;48;beginner_front_end
41812440;61;12;21;3;6;3;6;3;2;68;71;70;beginner_front_end
96581543;61;0;18;2;6;5;5;6;4;64;74;86;beginner_front_end
44996127;82;12;41;3;6;5;4;6;3;55;49;65;beginner_front_end
3652880;0;41;49;2;4;0;5;6;6;85;61;50;beginner_front_end
76659127;47;19;24;3;5;1;4;1;3;62;73;60;beginner_front_end
5666130;58;23;23;3;5;3;4;5;5;73;51;56;beginner_front_end
49579153;57;44;0;1;4;4;1;5;3;77;49;50;beginner_front_end
63948662;59;28;41;0;6;4;4;4;1;61;52;64;beginner_front_end
74059099;85;4;55;4;6;6;6;4;3;54;64;78;beginner_front_end
4524677;25;43;60;7;4;2;3;8;4;80;69;58;beginner_front_end
94238089;42;36;20;4;5;3;1;6;3;79;55;53;beginner_front_end
84078260;75;27;2;0;1;2;0;6;1;?;35;47;beginner_front_end
7713142;43;23;55;3;2;6;3;6;1;70;45;67;beginner_front_end
20972703;57;6;66;3;5;3;3;7;0;62;69;73;beginner_front_end
91712055;43;37;30;3;7;3;6;8;6;82;64;62;beginner_front_end
17932220;62;15;72;5;11;6;5;8;3;62;61;78;beginner_front_end
2205357;57;6;69;1;3;3;3;4;0;51;46;67;beginner_front_end
52605893;45;54;36;0;7;0;2;5;2;70;63;43;beginner_front_end
86193677;75;41;47;5;7;7;2;3;2;57;54;57;beginner_front_end
65391141;58;35;16;2;2;3;1;1;1;62;50;46;beginner_front_end
51742396;33;40;41;3;4;2;2;2;3;73;56;49;beginner_front_end
73768865;34;45;35;2;5;0;2;5;4;77;57;47;beginner_front_end
21175077;47;16;8;4;0;4;3;4;2;78;59;66;beginner_front_end
50852193;29;41;47;7;6;1;4;3;4;85;56;47;beginner_front_end
5461794;108;0;28;2;5;5;4;2;3;44;38;62;beginner_front_end
83694215;63;22;21;3;9;6;4;4;3;72;74;71;beginner_front_end
70236981;35;41;8;3;4;2;3;4;5;78;58;51;beginner_front_end
41877832;28;48;31;5;6;2;0;8;4;87;65;51;beginner_front_end
52622258;42;23;10;4;7;0;2;2;4;70;77;56;beginner_front_end
82541510;51;25;20;4;3;4;2;5;1;78;64;60;beginner_front_end
99853030;77;4;33;2;5;7;4;5;2;56;42;74;beginner_front_end
32312236;92;28;55;3;6;3;5;6;2;56;52;60;beginner_front_end
79109571;19;39;50;2;6;3;3;8;2;84;76;69;beginner_front_end
62191599;30;48;39;2;5;0;3;3;4;80;51;46;beginner_front_end
39497888;44;0;64;4;2;5;3;7;1;68;49;75;beginner_front_end
46697661;0;50;9;4;3;0;3;5;6;99;75;48;beginner_front_end
87201981;47;61;0;1;5;2;2;6;7;83;46;36;beginner_front_end
50568850;78;28;11;3;6;3;5;7;7;74;36;51;beginner_front_end
79039191;49;23;47;2;2;3;2;7;2;75;35;54;beginner_front_end
64706328;41;41;21;4;3;0;1;5;5;74;42;40;beginner_front_end
15088374;58;50;8;3;5;3;3;2;2;67;73;52;beginner_front_end
83718309;23;32;15;3;5;0;3;5;3;88;86;62;beginner_front_end
99302649;23;10;69;7;6;6;7;6;5;79;67;79;beginner_front_end
48750379;43;33;41;5;6;5;2;5;6;78;52;60;beginner_front_end
35980096;48;44;11;6;6;3;4;4;7;82;71;57;beginner_front_end
96722412;70;34;54;3;5;2;3;4;3;58;43;46;beginner_front_end
46956522;59;37;18;5;6;4;3;3;4;70;61;58;beginner_front_end
74518309;44;27;31;4;4;1;3;5;6;71;53;48;beginner_front_end
7127422;33;0;38;0;2;0;3;6;1;76;46;63;beginner_front_end
57952801;55;18;2;2;3;4;3;6;4;76;44;63;beginner_front_end
88555015;38;47;18;3;6;3;0;8;3;83;61;52;beginner_front_end
9689275;48;33;20;0;4;1;2;5;3;74;51;48;beginner_front_end
58450252;48;26;83;2;8;5;7;4;0;59;82;84;beginner_front_end
49887816;68;47;51;3;6;2;2;5;2;63;49;49;beginner_front_end
59517447;100;0;27;3;4;6;6;2;2;51;53;74;beginner_front_end
99611251;28;30;21;2;8;2;4;3;5;83;84;63;beginner_front_end
71585067;42;37;42;4;6;1;4;8;5;78;69;62;beginner_front_end
64123246;15;32;5;1;2;0;3;3;4;88;55;47;beginner_front_end
7769897;0;51;38;0;1;0;2;6;2;98;60;40;beginner_front_end
42546396;34;45;6;3;5;3;0;6;4;83;83;56;beginner_front_end
48735670;53;39;-1;3;6;5;3;3;3;80;54;57;beginner_front_end
37094803;55;23;40;5;4;5;2;5;4;?;48;60;beginner_front_end
88904571;43;11;20;3;4;3;2;6;4;69;63;69;beginner_front_end
25359945;48;54;22;5;5;3;3;3;5;78;56;45;beginner_front_end
14436006;100;32;9;1;10;5;3;4;2;54;73;62;beginner_front_end
72510035;40;38;24;4;6;2;1;8;3;78;70;57;beginner_front_end
49057372;5;32;0;1;5;0;2;4;3;93;88;57;beginner_front_end
29122658;70;22;54;1;5;3;4;7;2;60;54;64;beginner_front_end
1669898;72;21;18;3;9;5;4;6;5;60;66;66;beginner_front_end
17534359;60;47;45;4;3;2;3;8;3;67;49;48;beginner_front_end
35375041;60;23;47;3;4;2;5;4;3;63;61;60;beginner_front_end
37105747;79;12;22;1;4;5;1;4;1;58;40;59;beginner_front_end
68165732;0;55;71;2;1;4;4;9;6;69;69;73;advanced_front_end
59746829;37;63;31;2;7;2;6;6;2;73;72;81;advanced_front_end
35055986;69;15;54;2;2;7;1;4;2;63;50;38;advanced_front_end
91555328;44;57;5;4;8;5;3;3;3;38;85;36;advanced_front_end
62265502;50;32;29;2;6;0;4;5;3;50;79;90;advanced_front_end
65373484;59;16;25;3;4;9;3;6;3;60;71;30;advanced_front_end
60720817;34;46;51;3;5;2;3;5;3;72;79;74;advanced_front_end
7454442;22;71;37;4;6;1;5;6;4;46;71;75;advanced_front_end
97253961;47;111;43;4;7;2;8;6;1;83;73;80;advanced_front_end
42010310;52;12;52;3;4;3;0;3;3;47;68;48;advanced_front_end
6975847;35;101;46;6;7;6;5;4;3;71;70;37;advanced_front_end
68935779;26;40;70;3;2;2;2;6;2;65;61;74;advanced_front_end
38157232;17;55;85;1;3;3;3;6;1;65;44;61;advanced_front_end
98253373;14;99;53;4;6;1;5;5;2;63;70;69;advanced_front_end
11075644;39;23;72;4;4;4;0;4;2;66;63;40;advanced_front_end
16495815;43;80;39;2;9;2;6;2;1;70;60;64;advanced_front_end
69434523;24;58;31;2;7;3;4;6;4;31;61;53;advanced_front_end
82055101;46;53;59;3;4;3;4;5;2;75;72;60;advanced_front_end
40616721;45;42;56;4;6;2;3;4;2;72;79;74;advanced_front_end
32721697;47;51;57;4;4;3;2;4;4;52;77;56;advanced_front_end
61045678;11;71;43;4;5;4;3;5;4;52;74;44;advanced_front_end
41527818;20;75;72;3;6;0;5;5;1;81;66;82;advanced_front_end
76152177;48;14;59;4;7;5;6;4;1;66;78;82;advanced_front_end
86422454;32;40;34;3;7;3;1;4;2;46;90;41;advanced_front_end
76845209;39;58;63;4;4;3;3;6;2;64;67;54;advanced_front_end
15474301;54;31;25;1;5;3;6;6;5;54;79;86;advanced_front_end
95631281;55;54;51;6;3;2;4;6;4;57;68;78;advanced_front_end
44079102;38;77;53;4;6;2;5;5;2;71;62;70;advanced_front_end
26820138;20;70;49;5;4;3;2;6;4;43;76;46;advanced_front_end
79969439;30;78;30;5;8;3;5;4;3;62;87;56;advanced_front_end
59002323;22;84;28;5;7;4;6;4;3;67;63;63;advanced_front_end
94201427;0;91;75;2;2;4;6;7;4;75;46;70;advanced_front_end
68935779;26;40;70;3;2;2;2;6;2;65;61;74;advanced_front_end
82653438;17;51;76;3;5;7;2;5;0;84;53;24;advanced_front_end
91610475;30;60;56;4;4;5;4;5;4;70;74;52;advanced_front_end
63875515;0;91;77;4;1;5;5;8;7;63;55;66;advanced_front_end
71171320;25;21;38;2;6;5;2;5;4;45;75;41;advanced_front_end
50669362;27;83;49;4;3;0;4;6;6;34;88;96;advanced_front_end
559387;59;57;34;5;9;4;4;4;4;51;93;42;advanced_front_end
7928488;31;89;26;5;6;5;5;4;6;62;81;56;advanced_front_end
56317950;9;69;42;2;6;1;5;6;4;65;88;83;advanced_front_end
19881233;45;38;31;3;7;3;1;4;3;29;80;33;advanced_front_end
25984916;28;41;43;6;6;3;2;4;5;53;93;57;advanced_front_end
52264000;38;0;47;2;3;2;2;7;4;41;73;76;advanced_front_end
28734482;18;51;62;2;3;5;4;7;4;49;58;47;advanced_front_end
61505796;46;67;58;4;5;0;2;5;1;44;90;63;advanced_front_end
76163566;22;73;75;5;3;4;3;5;2;80;66;54;advanced_front_end
3869320;29;49;66;1;3;3;4;5;3;75;61;77;advanced_front_end
68561665;15;56;60;2;3;4;1;5;3;59;64;47;advanced_front_end
75831659;38;41;43;2;3;2;4;7;4;48;78;75;advanced_front_end
41412447;18;65;39;4;5;6;3;5;4;68;79;40;advanced_front_end
94388305;61;30;53;4;4;2;2;5;2;51;67;58;advanced_front_end
16171491;36;49;73;2;4;4;1;4;0;58;42;33;advanced_front_end
86491338;22;25;66;2;2;6;2;7;3;57;45;44;advanced_front_end
63651394;38;48;58;3;3;1;2;5;3;46;66;66;advanced_front_end
75107104;34;89;43;3;8;5;9;4;2;100;57;81;advanced_front_end
82306580;50;92;7;3;9;1;5;3;3;36;94;60;advanced_front_end
54508569;34;45;59;3;3;2;3;6;3;68;52;81;advanced_front_end
57063116;48;125;43;5;9;0;7;3;1;71;78;73;advanced_front_end
50333700;46;40;52;1;3;3;2;5;2;59;59;60;advanced_front_end
74177880;26;53;25;2;7;4;4;4;4;54;87;56;advanced_front_end
22822771;41;29;21;2;7;6;3;6;4;41;82;36;advanced_front_end
47941310;33;84;60;5;6;7;6;5;3;72;58;33;advanced_front_end
80293049;32;39;39;2;7;2;2;5;2;50;71;56;advanced_front_end
96186457;4;60;54;0;3;1;5;8;5;43;78;87;advanced_front_end
76603842;40;61;54;?;7;5;3;4;4;73;78;46;advanced_front_end
36258493;38;45;56;3;3;1;0;4;4;29;77;57;advanced_front_end
21873302;22;57;52;2;4;1;1;6;3;35;65;51;advanced_front_end
2336785;3;69;50;4;3;4;4;5;4;56;67;58;advanced_front_end
1596144;46;55;59;4;5;5;2;4;2;69;62;39;advanced_front_end
59435341;17;45;31;2;5;1;3;7;4;36;81;74;advanced_front_end
62478700;35;21;52;4;1;3;0;5;5;45;89;53;advanced_front_end
39432606;27;25;52;2;8;2;3;5;2;63;82;53;advanced_front_end
50599941;15;75;34;4;6;6;6;5;5;69;70;63;advanced_front_end
35544385;49;80;26;5;5;3;3;4;5;47;87;58;advanced_front_end
91797107;40;50;52;3;7;0;3;4;2;53;77;66;advanced_front_end
13015216;24;40;23;3;7;6;2;4;3;61;81;33;advanced_front_end
54804383;0;121;66;4;2;6;6;6;5;75;59;57;advanced_front_end
51190527;0;61;76;2;3;6;2;6;4;61;54;31;advanced_front_end
4616091;51;39;58;3;6;0;2;5;3;38;75;66;advanced_front_end
82055101;46;53;59;3;4;3;4;5;2;75;72;60;advanced_front_end
61589466;13;89;54;4;9;3;4;3;1;62;62;38;advanced_front_end
73652219;0;82;48;3;7;5;6;6;1;75;60;50;advanced_front_end
69252407;24;68;52;3;4;1;3;5;2;38;67;51;advanced_front_end
85821524;67;51;44;6;4;4;4;6;4;61;74;64;advanced_front_end
76414989;64;64;40;4;4;3;4;4;4;53;73;66;advanced_front_end
77030981;36;46;57;2;5;3;5;4;3;75;62;72;advanced_front_end
43430909;42;61;73;4;5;2;3;4;0;87;75;66;advanced_front_end
9781393;10;57;58;3;3;3;3;5;5;67;75;76;advanced_front_end
27908716;61;31;55;3;4;4;1;3;2;62;71;46;advanced_front_end
21573446;0;22;57;3;6;5;3;6;4;73;77;51;advanced_front_end
50821754;37;71;38;6;9;0;2;3;3;65;97;60;advanced_front_end
49252128;0;46;91;2;1;2;1;7;3;52;54;60;advanced_front_end
47948;24;24;51;3;4;2;1;6;4;39;82;56;advanced_front_end
87362298;28;80;22;5;9;1;4;3;3;62;89;60;advanced_front_end
56309759;0;80;49;3;6;8;5;6;3;81;59;32;advanced_front_end
42470123;85;60;14;4;11;1;5;2;0;61;92;57;advanced_front_end
90527486;50;8;19;0;5;5;2;3;3;43;72;48;advanced_front_end
39775680;22;86;45;4;4;3;5;4;4;73;72;82;advanced_front_end
92122363;45;21;44;3;4;3;2;6;2;61;67;58;advanced_front_end
59746829;37;63;31;2;7;2;6;6;2;73;72;81;advanced_front_end
49921968;26;24;20;1;7;6;4;5;4;55;75;55;advanced_front_end
21319823;16;78;35;4;8;5;6;3;2;94;72;67;advanced_front_end
46285914;4;108;61;6;7;0;2;6;2;40;87;45;advanced_front_end
65711130;23;50;47;4;9;3;2;3;1;70;78;37;advanced_front_end
58171204;0;63;63;3;2;2;2;7;4;69;78;69;advanced_front_end
91962959;24;63;65;2;1;5;5;7;4;84;48;79;advanced_front_end
96986448;56;78;68;6;7;3;4;3;0;74;66;40;advanced_front_end
28533141;33;38;63;5;3;1;0;6;3;43;75;59;advanced_front_end
18431453;0;73;73;3;1;7;4;7;8;68;76;61;advanced_front_end
86967244;51;58;39;2;8;5;6;3;3;78;60;65;advanced_front_end
63409227;58;55;42;1;8;3;6;2;0;95;54;74;advanced_front_end
50452879;44;20;44;0;2;3;3;8;3;41;64;70;advanced_front_end
10441738;39;68;56;4;7;2;3;3;0;70;67;52;advanced_front_end
34039085;10;35;73;2;4;4;1;5;2;79;68;47;advanced_front_end
93176906;24;78;40;2;6;5;8;8;3;71;76;68;advanced_front_end
38916483;0;70;60;4;4;1;1;4;4;50;81;60;advanced_front_end
30762103;42;50;45;4;6;3;4;6;4;51;76;66;advanced_front_end
64472290;1;104;52;4;7;0;5;5;3;60;82;72;advanced_front_end
72987598;0;65;76;3;5;3;4;6;2;75;58;59;advanced_front_end
36229746;68;78;68;5;3;3;5;5;2;76;48;70;advanced_front_end
31813245;12;94;79;4;3;3;4;5;3;67;62;58;advanced_front_end
79042085;27;13;50;0;7;4;3;6;1;65;77;48;advanced_front_end
43740021;44;22;41;3;4;1;2;6;3;58;78;80;advanced_front_end
25082755;13;46;61;4;4;2;1;6;4;40;83;56;advanced_front_end
7763740;35;13;65;3;6;3;2;3;1;96;72;63;advanced_front_end
55296832;30;44;39;3;6;6;3;6;2;34;68;23;advanced_front_end
62017370;26;37;30;3;8;8;4;5;3;68;70;26;advanced_front_end
65349037;12;41;74;0;3;1;2;5;3;54;54;75;advanced_front_end
16784862;30;78;54;3;6;6;6;6;4;80;62;54;advanced_front_end
11292133;59;39;35;3;7;3;3;3;1;62;60;52;advanced_front_end
49242803;0;90;55;3;6;1;4;5;3;54;71;59;advanced_front_end
55118254;0;43;52;2;4;2;3;6;4;62;66;71;advanced_front_end
43366095;20;65;49;4;7;4;4;6;3;65;69;49;advanced_front_end
99296247;27;57;66;4;4;4;3;6;4;59;72;49;advanced_front_end
28930711;18;48;60;3;5;3;2;4;3;51;72;48;advanced_front_end
55973965;2;40;44;1;4;5;2;6;4;37;71;43;advanced_front_end
10594703;8;47;48;2;3;1;3;6;5;72;84;88;advanced_front_end
35767324;30;27;52;3;5;4;1;6;2;46;68;38;advanced_front_end
12264821;71;69;30;7;8;4;4;3;4;68;81;52;advanced_front_end
17303635;46;47;47;2;6;1;4;4;2;58;71;71;advanced_front_end
99401568;11;25;24;0;7;4;2;5;4;46;68;49;advanced_front_end
2402246;41;53;56;4;4;7;5;5;2;90;62;53;advanced_front_end
21723400;57;13;32;2;6;4;2;4;3;38;71;39;advanced_front_end
99293528;29;19;64;4;4;2;0;6;2;57;69;58;advanced_front_end
90932076;55;34;41;4;6;3;3;4;3;68;83;63;advanced_front_end
74989876;28;53;54;1;6;1;3;5;2;48;64;68;advanced_front_end
35332754;62;74;46;4;10;5;5;2;0;89;58;33;advanced_front_end
83579665;53;104;58;6;8;3;6;3;0;92;78;62;advanced_front_end
80127715;0;108;92;3;2;2;8;9;4;83;45;96;advanced_front_end
73975352;45;17;29;3;7;1;2;5;3;19;84;60;advanced_front_end
67000724;44;82;72;6;5;4;3;3;1;82;63;43;advanced_front_end
39139445;0;82;52;3;5;1;4;7;4;69;69;82;advanced_front_end
41549011;0;48;70;3;2;5;1;6;3;66;63;45;advanced_front_end
51856339;0;81;64;3;6;1;3;6;3;47;66;58;advanced_front_end
15164951;32;38;29;3;5;8;4;6;2;72;61;38;advanced_front_end
50100916;34;19;62;2;4;5;6;7;4;89;61;87;advanced_front_end
65373484;59;16;25;3;4;9;3;6;3;60;71;30;advanced_front_end
6514611;0;72;39;3;9;4;5;5;5;48;80;45;advanced_front_end
71553695;58;37;49;5;5;5;3;5;2;68;64;46;advanced_front_end
92524473;66;50;50;2;7;3;5;4;1;54;51;59;advanced_front_end
47197016;46;33;63;2;3;1;0;5;3;36;68;55;advanced_front_end
36785729;46;81;79;5;3;4;6;5;1;96;44;78;advanced_front_end
35423227;40;0;50;0;6;4;0;5;1;?;72;41;advanced_front_end
99458825;67;0;31;2;5;3;0;4;3;48;87;58;advanced_front_end
27830654;33;40;47;4;5;5;3;5;4;58;70;53;advanced_front_end
49478459;5;40;47;3;5;3;2;6;5;52;98;59;advanced_front_end
23690746;34;28;57;2;1;5;3;7;3;63;43;65;advanced_front_end
52666865;38;60;51;4;4;4;2;5;2;46;75;39;advanced_front_end
3886365;27;88;22;3;9;4;10;6;5;89;78;97;advanced_front_end
13551285;62;41;39;4;8;4;3;5;2;47;88;37;advanced_front_end
13830130;28;96;49;6;4;4;4;5;5;52;85;44;advanced_front_end
74965238;67;64;34;6;6;3;4;4;3;60;83;59;advanced_front_end
65041250;17;66;73;4;4;0;3;6;3;68;66;82;advanced_front_end
33420921;51;0;72;0;3;5;0;5;0;?;43;35;advanced_front_end
57722100;11;36;25;2;7;3;4;5;3;73;87;69;advanced_front_end
90914068;1;85;55;2;4;1;4;5;4;53;68;74;advanced_front_end
8455314;35;47;64;4;5;4;4;6;2;70;48;57;advanced_front_end
95731489;49;64;51;4;5;1;2;4;3;39;81;53;advanced_front_end
73430745;15;65;63;2;3;3;3;5;3;64;66;70;advanced_front_end
81843323;12;80;72;5;7;0;3;4;0;79;71;?;advanced_front_end
9086775;57;42;43;4;5;3;3;5;3;62;71;63;advanced_front_end
45382189;71;66;41;2;7;1;6;3;1;61;67;71;advanced_front_end
47639739;50;59;53;5;6;7;3;3;3;65;92;84;beginner_data_science
73146353;47;53;43;4;4;4;4;4;3;72;68;77;beginner_data_science
71858089;21;19;48;3;0;3;2;0;6;63;?;62;beginner_data_science
82658092;30;53;74;5;2;7;0;0;5;27;74;92;beginner_data_science
73955263;29;19;52;2;4;2;7;6;2;45;77;65;beginner_data_science
51700182;12;26;86;5;2;8;0;0;5;55;100;83;beginner_data_science
9042992;29;39;49;3;3;4;0;4;5;76;84;80;beginner_data_science
21839259;21;33;40;0;0;7;2;8;2;49;84;81;beginner_data_science
73761014;3;4;39;3;2;5;7;2;2;53;69;54;beginner_data_science
35273573;26;43;83;4;1;8;5;1;3;60;79;57;beginner_data_science
36881130;32;14;88;2;1;5;4;3;3;69;?;60;beginner_data_science
28031116;73;65;22;4;6;5;1;3;4;62;82;98;beginner_data_science
23085989;13;25;60;6;2;7;5;1;2;56;95;68;beginner_data_science
37233256;62;18;33;0;2;0;6;7;1;49;59;66;beginner_data_science
41996545;30;33;59;6;2;4;4;2;3;49;61;62;beginner_data_science
44161667;14;26;53;5;1;2;2;1;6;62;57;68;beginner_data_science
19478818;54;39;46;1;6;3;3;4;2;53;81;88;beginner_data_science
80513855;61;7;60;0;1;1;8;9;0;60;73;64;beginner_data_science
68951180;37;20;29;1;3;1;3;2;5;70;54;74;beginner_data_science
32146101;15;25;51;5;4;6;3;1;2;51;72;72;beginner_data_science
48141064;58;45;29;3;5;4;2;1;4;71;55;73;beginner_data_science
83357331;25;29;86;1;3;8;5;4;1;48;93;56;beginner_data_science
18962190;37;26;68;3;3;2;7;3;3;52;65;51;beginner_data_science
7981851;34;54;69;4;2;7;6;3;2;36;69;57;beginner_data_science
42792016;20;25;40;2;1;5;1;4;4;65;82;82;beginner_data_science
91101613;25;42;64;2;1;6;3;4;3;57;51;50;beginner_data_science
44322366;30;10;43;2;3;7;5;5;0;62;87;72;beginner_data_science
18869777;36;12;57;2;3;2;7;4;1;52;47;49;beginner_data_science
90574110;40;12;65;1;2;7;3;4;1;69;100;83;beginner_data_science
51141321;83;36;56;2;4;1;4;6;5;97;77;80;beginner_data_science
2900686;81;15;42;5;5;4;5;4;2;47;83;66;beginner_data_science
3621457;40;57;76;5;7;8;1;1;2;47;90;81;beginner_data_science
35350221;14;30;47;5;2;4;1;0;5;51;48;63;beginner_data_science
14741018;76;41;52;2;6;1;2;4;4;68;67;82;beginner_data_science
27358614;35;38;76;5;3;0;3;3;5;67;68;72;beginner_data_science
29480937;43;55;86;5;1;5;6;2;2;36;51;44;beginner_data_science
31114615;34;27;37;3;4;4;0;3;6;92;81;90;beginner_data_science
94843523;5;19;24;3;4;9;1;2;1;53;70;75;beginner_data_science
2378191;53;68;82;4;4;4;3;3;3;41;65;70;beginner_data_science
55409518;41;55;41;6;1;3;7;3;3;46;76;65;beginner_data_science
49495120;44;48;86;4;3;6;2;3;3;44;76;65;beginner_data_science
42297032;43;59;59;3;3;3;0;2;5;43;57;86;beginner_data_science
97852062;0;0;29;1;1;4;2;2;5;73;66;68;beginner_data_science
26190873;25;50;56;5;6;7;2;2;1;23;76;75;beginner_data_science
56758686;43;39;64;4;4;3;3;2;4;59;69;69;beginner_data_science
28488026;24;20;52;2;1;6;2;3;3;59;67;57;beginner_data_science
11066057;25;28;0;5;5;7;5;2;1;61;54;71;beginner_data_science
26697852;33;52;47;1;5;9;2;4;1;48;86;78;beginner_data_science
93132405;35;16;38;3;3;2;8;3;2;54;68;58;beginner_data_science
32460284;43;64;52;5;3;2;4;2;5;50;47;59;beginner_data_science
70662055;27;22;41;3;5;7;3;3;3;87;74;75;beginner_data_science
61901858;55;59;37;1;7;6;0;5;3;44;60;91;beginner_data_science
22119096;57;62;49;6;6;3;6;3;3;64;78;67;beginner_data_science
46563731;40;43;42;2;6;5;2;4;2;57;51;75;beginner_data_science
8637916;0;38;43;4;3;11;0;2;3;41;90;86;beginner_data_science
53041461;26;24;58;3;5;6;6;2;1;59;79;63;beginner_data_science
85840539;18;19;57;3;2;6;1;3;3;70;96;90;beginner_data_science
89732995;40;45;53;5;5;8;2;1;3;80;92;76;beginner_data_science
84984295;60;36;59;4;4;2;4;4;3;79;68;71;beginner_data_science
8386604;26;36;50;4;6;3;1;3;3;39;63;84;beginner_data_science
62957527;11;9;33;2;4;9;2;2;1;64;99;85;beginner_data_science
45881854;30;36;59;3;3;8;2;4;3;73;99;85;beginner_data_science
61872858;66;46;54;0;3;5;4;4;4;75;93;81;beginner_data_science
19655982;44;44;61;5;5;5;4;3;3;70;88;76;beginner_data_science
72352073;25;41;49;5;4;6;3;3;3;45;76;80;beginner_data_science
59489691;32;4;47;2;2;3;8;6;1;85;86;59;beginner_data_science
93193977;34;46;74;6;2;8;3;0;3;59;81;64;beginner_data_science
29299074;0;25;22;3;0;5;2;1;4;38;55;69;beginner_data_science
78764411;26;6;56;3;1;5;3;3;2;56;82;69;beginner_data_science
22206411;73;39;53;0;6;7;4;5;1;71;91;80;beginner_data_science
26209671;0;26;75;8;0;8;0;0;4;62;?;61;beginner_data_science
15271526;66;48;40;1;6;4;7;8;1;68;85;73;beginner_data_science
83166118;4;28;19;2;2;9;1;2;2;59;84;79;beginner_data_science
55382890;8;28;48;4;2;7;4;2;3;55;97;68;beginner_data_science
22126297;39;37;19;6;3;6;8;4;7;73;65;61;beginner_data_science
76601025;19;65;50;7;4;7;0;0;5;71;65;89;beginner_data_science
63577630;40;19;71;3;4;4;2;5;2;58;62;68;beginner_data_science
98143591;53;53;36;5;4;3;4;2;2;58;49;58;beginner_data_science
2167171;18;10;27;1;3;3;3;4;4;72;60;70;beginner_data_science
85733018;15;47;41;7;3;6;1;2;4;72;73;76;beginner_data_science
8600122;40;34;58;1;3;6;5;4;2;58;95;73;beginner_data_science
12022283;19;41;71;3;3;9;1;1;2;53;81;65;beginner_data_science
87358399;29;25;71;3;2;1;5;5;4;67;73;60;beginner_data_science
22350748;0;9;34;2;2;4;2;4;5;92;68;69;beginner_data_science
87950745;63;63;51;4;3;5;3;4;3;57;49;70;beginner_data_science
23239851;36;19;28;0;5;7;0;5;3;?;71;89;beginner_data_science
77132049;19;0;42;3;2;3;5;3;3;80;72;61;beginner_data_science
60511133;30;34;111;6;1;5;4;2;3;63;85;54;beginner_data_science
23447064;40;29;41;2;3;5;2;6;3;72;70;83;beginner_data_science
86275202;20;49;49;5;2;6;2;1;4;63;74;74;beginner_data_science
7654462;23;25;31;3;2;7;1;1;4;60;69;82;beginner_data_science
64821507;26;22;73;3;2;8;4;2;2;58;86;68;beginner_data_science
82215576;30;39;49;3;1;7;1;3;2;43;57;64;beginner_data_science
13201055;27;20;33;1;2;2;2;5;3;51;44;67;beginner_data_science
59884620;22;35;30;3;4;4;2;2;4;52;44;74;beginner_data_science
61901858;55;59;37;1;7;6;0;5;3;44;60;91;beginner_data_science
8585668;66;33;48;0;3;3;6;6;2;73;86;68;beginner_data_science
82215576;30;39;49;3;1;7;1;3;2;43;57;64;beginner_data_science
23242594;52;74;56;4;6;7;0;3;3;36;86;100;beginner_data_science
51467552;25;17;2;1;5;5;6;5;2;76;58;67;beginner_data_science
33847351;36;37;27;4;5;8;5;3;1;65;80;70;beginner_data_science
40730142;26;12;59;4;3;5;3;0;4;79;86;74;beginner_data_science
9856254;11;26;30;3;2;6;2;2;3;37;63;67;beginner_data_science
5351543;0;2;9;2;3;12;2;3;1;70;80;79;beginner_data_science
26956878;45;42;33;1;6;4;3;5;2;69;82;82;beginner_data_science
42089329;33;35;19;5;5;5;1;3;3;67;72;84;beginner_data_science
51205505;20;1;29;1;4;1;5;5;4;85;61;69;beginner_data_science
78896322;60;47;93;6;5;4;4;2;4;80;100;78;beginner_data_science
51136583;28;19;58;3;2;2;2;2;4;43;67;71;beginner_data_science
27244390;0;0;60;1;0;7;3;4;2;64;76;65;beginner_data_science
33546051;68;60;62;4;2;1;5;2;4;28;78;72;beginner_data_science
68235603;18;4;50;3;5;4;3;3;4;92;64;65;beginner_data_science
58999017;13;0;8;1;4;1;10;7;0;65;53;53;beginner_data_science
90173954;48;26;46;0;3;5;7;6;2;73;90;70;beginner_data_science
11580321;29;30;42;3;1;7;0;2;6;91;90;83;beginner_data_science
18731400;46;21;67;2;3;4;3;6;2;65;72;74;beginner_data_science
82189561;34;0;27;0;4;3;7;6;2;93;71;66;beginner_data_science
79085378;20;26;60;5;4;8;1;2;2;51;87;81;beginner_data_science
3759465;41;38;43;2;3;9;3;3;2;60;84;79;beginner_data_science
92231037;49;52;7;3;7;1;1;4;5;53;47;92;beginner_data_science
92221372;49;73;45;4;7;8;0;2;3;47;76;94;beginner_data_science
52367208;47;35;57;3;0;5;6;3;3;44;63;48;beginner_data_science
17951513;21;37;63;4;0;5;6;4;3;54;73;51;beginner_data_science
10010481;23;31;39;4;1;5;0;3;5;42;42;77;beginner_data_science
18154167;21;16;53;0;3;6;6;5;1;59;76;61;beginner_data_science
71609034;57;36;49;2;3;6;6;1;1;47;70;64;beginner_data_science
48742368;44;38;27;2;3;3;4;4;3;62;64;74;beginner_data_science
21455839;8;43;48;4;3;8;3;3;1;41;69;68;beginner_data_science
83537493;83;66;63;3;4;4;1;2;5;60;90;88;beginner_data_science
69108094;39;34;43;4;4;0;4;2;4;36;66;76;beginner_data_science
81649569;16;23;61;4;3;5;1;2;4;75;62;67;beginner_data_science
87075743;44;29;72;0;1;4;1;5;3;55;71;74;beginner_data_science
97377415;46;35;79;5;3;4;2;1;4;49;92;85;beginner_data_science
47002568;21;7;9;0;5;0;3;6;5;65;54;87;beginner_data_science
32226724;35;24;32;3;5;4;0;3;5;65;84;97;beginner_data_science
95757181;24;1;37;2;4;6;4;4;2;78;76;72;beginner_data_science
38886693;24;34;40;6;7;9;0;0;3;73;79;87;beginner_data_science
10062996;41;26;62;1;4;3;5;3;3;44;69;75;beginner_data_science
55343478;35;39;52;2;2;5;3;4;3;46;62;66;beginner_data_science
82310939;37;43;52;3;4;4;2;2;4;58;79;80;beginner_data_science
19229249;28;24;46;1;3;7;6;4;0;48;72;62;beginner_data_science
90700087;40;70;67;5;4;5;0;1;4;31;65;81;beginner_data_science
42177844;70;83;103;5;3;0;2;2;5;46;43;53;beginner_data_science
68112441;61;47;51;3;4;4;4;4;3;62;62;69;beginner_data_science
99145292;22;17;44;1;1;7;5;4;2;59;98;68;beginner_data_science
93443708;24;35;49;2;4;7;0;1;4;54;81;85;beginner_data_science
55945539;35;50;42;4;3;4;3;3;4;57;70;72;beginner_data_science
57944311;55;47;54;2;6;4;3;7;2;67;87;88;beginner_data_science
96079253;35;48;52;4;3;6;0;0;5;54;77;86;beginner_data_science
43024099;11;41;61;5;1;0;4;1;5;41;39;49;beginner_data_science
81382958;53;24;0;0;6;3;1;4;3;65;49;88;beginner_data_science
79647965;40;21;78;2;1;4;6;3;2;44;93;65;beginner_data_science
33546051;68;60;62;4;2;1;5;2;4;28;78;72;beginner_data_science
5725228;48;22;59;1;4;9;4;3;1;95;100;79;beginner_data_science
45914041;25;23;51;2;3;8;1;1;3;44;73;80;beginner_data_science
27031966;24;27;48;3;2;7;3;4;3;57;64;69;beginner_data_science
73657676;46;26;80;4;1;6;5;3;2;59;76;56;beginner_data_science
94790073;11;2;9;2;2;5;5;6;3;73;72;75;beginner_data_science
44970877;12;20;71;6;1;4;1;0;5;63;59;68;beginner_data_science
22229985;47;25;50;0;2;8;5;6;0;65;100;74;beginner_data_science
19289543;23;10;50;4;4;2;3;2;3;59;40;60;beginner_data_science
86080767;6;6;49;3;2;4;2;4;4;71;72;74;beginner_data_science
85946600;27;23;39;1;0;8;2;5;2;66;75;67;beginner_data_science
13694307;34;52;11;4;4;4;0;3;5;55;44;83;beginner_data_science
42613745;44;21;62;0;4;2;9;4;2;56;100;69;beginner_data_science
95158763;31;42;63;6;3;6;5;0;2;41;68;57;beginner_data_science
95588183;67;73;64;4;6;5;2;3;2;69;67;72;beginner_data_science
65150667;20;28;66;3;3;6;4;3;2;54;73;62;beginner_data_science
93056171;25;43;13;5;3;7;0;2;4;45;75;96;beginner_data_science
81153849;15;17;29;4;2;6;5;1;3;75;77;68;beginner_data_science
75125769;38;13;38;2;2;0;3;3;5;69;61;74;beginner_data_science
68835481;47;28;83;4;3;2;6;2;3;70;87;62;beginner_data_science
56335807;78;62;56;2;8;4;1;5;3;48;77;95;beginner_data_science
9277429;36;29;72;2;2;7;6;4;2;72;100;68;beginner_data_science
88084780;25;56;66;7;2;6;4;1;3;59;67;53;beginner_data_science
46755117;48;40;37;4;4;4;2;0;4;53;59;80;beginner_data_science
13175326;30;7;79;3;2;2;10;5;0;70;85;45;beginner_data_science
85629257;50;21;48;4;1;3;6;1;3;53;75;63;beginner_data_science
22618578;43;46;49;3;3;4;2;4;3;52;58;76;beginner_data_science
79449109;25;24;79;3;3;7;0;0;4;61;79;70;beginner_data_science
2232685;0;30;26;6;3;4;0;1;5;65;38;76;beginner_data_science
26362474;3;5;31;3;2;5;3;1;5;54;83;81;beginner_data_science
50778232;18;52;5;1;3;5;2;1;6;92;91;58;beginner_backend
2350482;59;65;45;5;1;2;5;4;2;72;86;70;beginner_backend
78499572;53;37;49;5;1;1;8;6;3;50;63;89;beginner_backend
77353447;39;19;86;4;4;3;8;6;2;74;91;88;beginner_backend
54109477;50;84;20;4;2;0;0;7;3;61;54;89;beginner_backend
14693079;8;51;0;5;5;5;3;2;6;83;83;63;beginner_backend
43139812;25;37;36;2;2;2;4;6;0;89;81;81;beginner_backend
69572748;29;61;37;6;5;0;3;5;3;62;65;89;beginner_backend
54419542;5;35;6;1;4;4;2;4;2;93;77;59;beginner_backend
86417495;24;51;8;2;3;4;1;5;3;79;66;64;beginner_backend
64551845;6;21;54;2;6;4;4;6;5;70;94;92;beginner_backend
84814317;20;17;79;3;5;1;1;8;1;77;66;73;beginner_backend
66975113;68;79;27;5;0;1;0;5;4;45;49;73;beginner_backend
98415364;52;63;37;4;1;2;5;6;2;57;77;76;beginner_backend
32051208;0;7;37;4;5;1;7;8;0;98;79;92;beginner_backend
49614388;9;18;29;1;7;8;4;6;1;86;82;48;beginner_backend
40384260;51;70;31;3;0;3;4;2;4;70;85;68;beginner_backend
55821895;4;45;22;5;4;0;2;3;5;64;53;75;beginner_backend
71888345;17;36;35;2;2;2;4;6;4;72;82;87;beginner_backend
25178329;61;48;42;4;4;6;6;8;0;52;44;58;beginner_backend
16428761;23;29;52;3;7;5;5;4;3;85;81;68;beginner_backend
63095883;64;120;-1;6;0;1;0;5;0;77;72;59;beginner_backend
50906404;23;42;42;4;4;0;4;4;6;67;74;77;beginner_backend
80447700;45;65;0;7;0;0;4;4;6;54;63;77;beginner_backend
23326295;47;42;46;3;3;4;2;8;1;72;66;75;beginner_backend
14069414;29;59;49;5;4;2;0;4;6;68;92;80;beginner_backend
37726503;37;54;12;5;3;4;5;3;2;73;55;59;beginner_backend
28578995;86;73;18;4;2;5;4;6;7;35;60;80;beginner_backend
85311011;15;35;23;3;4;6;4;6;2;69;61;64;beginner_backend
18835887;33;55;18;4;5;?;3;4;3;81;67;51;beginner_backend
87495202;0;22;39;1;3;2;2;9;1;82;76;88;beginner_backend
20997822;1;7;34;0;2;5;4;5;5;65;53;65;beginner_backend
25037770;46;56;42;2;0;0;4;8;0;64;61;?;beginner_backend
34626976;79;82;56;5;0;1;3;4;4;57;80;83;beginner_backend
2313740;38;53;63;2;0;1;2;6;3;57;70;91;beginner_backend
41978099;26;23;59;2;5;3;4;5;3;83;65;68;beginner_backend
11633148;47;32;68;1;2;6;5;5;1;78;82;64;beginner_backend
85134993;23;26;74;3;2;4;5;3;4;82;90;79;beginner_backend
43587278;26;50;32;3;1;5;6;2;4;54;74;63;beginner_backend
40259755;4;48;4;2;5;5;2;4;2;93;79;56;beginner_backend
59756623;8;5;74;5;4;0;6;3;4;85;70;76;beginner_backend
5906282;31;66;23;3;2;1;3;4;2;83;87;77;beginner_backend
11724074;51;63;46;6;3;2;5;5;1;63;57;72;beginner_backend
40661717;32;28;63;5;3;2;8;3;4;72;87;78;beginner_backend
10699643;26;43;46;3;1;4;6;3;5;56;87;78;beginner_backend
3217974;52;60;48;4;4;5;4;4;1;89;90;71;beginner_backend
96525292;2;37;2;1;4;6;0;6;4;80;57;53;beginner_backend
96287824;44;54;47;3;4;3;2;7;2;69;66;77;beginner_backend
2795113;9;50;19;0;3;3;0;4;4;?;79;65;beginner_backend
16916457;45;68;45;4;2;4;7;3;0;93;84;75;beginner_backend
87742333;66;86;9;5;3;2;0;10;0;81;70;83;beginner_backend
17863718;41;57;19;3;0;0;3;6;3;72;58;86;beginner_backend
84929955;18;51;9;0;3;4;1;3;5;80;57;55;beginner_backend
89340419;38;56;17;2;2;5;1;5;2;80;66;47;beginner_backend
92275132;22;36;34;2;6;2;0;8;0;87;46;71;beginner_backend
49225476;21;59;11;3;4;5;3;3;5;76;85;70;beginner_backend
36526894;32;66;14;1;0;2;2;4;4;54;66;81;beginner_backend
55821895;4;45;22;5;4;0;2;3;5;64;53;75;beginner_backend
87355119;14;46;9;2;3;4;2;4;4;68;62;66;beginner_backend
69533612;29;38;70;4;3;1;6;2;5;72;90;84;beginner_backend
85791819;23;35;23;3;3;3;7;7;3;63;73;87;beginner_backend
47653107;3;26;25;3;4;0;3;9;0;93;48;?;beginner_backend
61816319;40;64;39;5;2;1;2;4;5;51;74;83;beginner_backend
1248447;6;32;11;3;3;2;2;4;3;75;65;63;beginner_backend
83069963;45;48;57;1;2;5;2;8;0;64;68;67;beginner_backend
83434678;38;70;0;4;3;5;0;5;2;77;58;51;beginner_backend
69508426;30;34;25;3;3;2;2;8;1;?;46;63;beginner_backend
86750522;12;18;52;0;3;6;4;1;6;79;84;66;beginner_backend
15373630;33;25;67;3;3;5;7;7;0;72;80;77;beginner_backend
49582199;13;58;29;5;4;2;1;1;6;79;92;71;beginner_backend
96950810;59;73;32;7;4;2;3;6;1;70;59;70;beginner_backend
36872271;59;80;10;4;0;1;5;3;2;70;81;75;beginner_backend
42900697;48;77;21;2;3;4;3;4;2;84;82;61;beginner_backend
68818760;7;52;4;4;6;2;0;5;4;79;57;64;beginner_backend
44350115;79;83;33;6;3;1;3;3;5;55;67;66;beginner_backend
4637387;43;76;40;4;5;2;3;4;6;57;98;88;beginner_backend
26837651;33;55;30;4;3;5;3;6;0;71;53;59;beginner_backend
83028933;0;16;22;0;3;3;2;1;9;84;77;70;beginner_backend
91591908;44;85;0;4;2;2;0;7;0;75;63;57;beginner_backend
76110532;10;31;4;2;6;5;2;7;0;86;50;51;beginner_backend
85179128;44;75;21;4;2;2;3;6;1;66;73;74;beginner_backend
22909362;18;32;44;1;0;2;6;4;5;64;81;76;beginner_backend
71581814;0;41;0;0;0;4;2;1;5;78;58;41;beginner_backend
72059858;27;8;58;0;1;3;3;6;5;78;70;74;beginner_backend
67797872;59;87;7;5;2;0;0;3;8;41;57;77;beginner_backend
33955452;55;75;30;3;6;6;1;5;4;60;72;62;beginner_backend
6665118;0;10;35;0;5;5;1;4;5;69;63;54;beginner_backend
1164457;85;90;31;6;0;1;2;6;0;47;55;65;beginner_backend
89798482;49;51;48;3;1;3;4;8;0;69;72;84;beginner_backend
15033533;44;38;57;3;4;1;3;8;1;75;55;77;beginner_backend
86329515;7;46;39;4;4;3;2;6;2;?;97;85;beginner_backend
45677738;24;25;39;1;4;2;4;4;4;96;77;77;beginner_backend
31206931;28;65;0;4;5;4;1;6;2;75;66;65;beginner_backend
78056706;73;81;5;4;0;1;3;6;4;55;59;68;beginner_backend
86908647;33;56;31;1;3;1;0;9;2;69;67;84;beginner_backend
19426964;48;90;8;3;1;4;2;4;5;55;87;75;beginner_backend
60288022;0;53;4;1;7;5;0;3;5;84;71;70;beginner_backend
77101525;19;48;17;0;3;8;1;4;2;75;58;48;beginner_backend
67784923;27;45;36;4;3;5;5;4;5;58;72;79;beginner_backend
62528139;31;58;14;4;5;4;4;6;4;66;91;91;beginner_backend
50580729;0;35;48;1;8;4;2;3;3;99;84;70;beginner_backend
95590934;7;44;10;0;3;5;3;0;7;100;86;63;beginner_backend
9762726;11;45;44;3;3;0;1;4;4;81;84;80;beginner_backend
89812734;78;60;69;4;3;1;8;8;0;69;77;94;beginner_backend
4560501;15;70;9;3;2;0;0;5;4;69;65;80;beginner_backend
59316838;54;52;12;4;3;0;5;9;0;87;51;?;beginner_backend
75180750;42;52;64;4;5;3;4;6;3;67;95;94;beginner_backend
4418887;0;20;27;3;4;4;6;3;4;81;82;75;beginner_backend
78512883;11;7;35;0;5;7;6;4;4;87;55;46;beginner_backend
90560419;33;32;48;3;0;1;3;7;3;59;?;89;beginner_backend
4522722;88;101;31;7;0;4;3;5;3;37;66;71;beginner_backend
43714578;83;72;72;6;0;2;8;2;6;51;96;92;beginner_backend
99217779;70;68;29;3;2;3;6;4;4;69;84;77;beginner_backend
33314328;14;27;29;3;8;5;5;5;5;72;82;79;beginner_backend
45851574;12;62;0;0;1;3;0;6;1;?;60;63;beginner_backend
80176048;23;51;17;4;2;2;1;7;3;56;65;80;beginner_backend
54464537;0;32;25;0;1;3;3;4;2;94;83;73;beginner_backend
1954001;0;17;33;0;6;4;1;8;2;86;62;81;beginner_backend
9285993;13;63;0;3;5;4;2;5;4;70;64;69;beginner_backend
3169944;41;38;54;5;5;4;4;8;1;63;66;81;beginner_backend
76481232;17;39;11;2;3;2;1;7;2;74;55;65;beginner_backend
20494100;70;76;40;6;0;0;6;7;1;48;69;89;beginner_backend
72798469;19;17;29;0;4;5;3;7;3;68;47;51;beginner_backend
67120590;35;41;34;3;1;2;3;9;0;75;76;97;beginner_backend
89014719;69;47;44;2;0;1;7;7;3;52;60;84;beginner_backend
60288022;0;53;4;1;7;5;0;3;5;84;71;70;beginner_backend
16447584;0;10;28;0;6;6;3;3;3;100;72;51;beginner_backend
39502939;58;66;66;4;4;2;2;6;2;76;85;83;beginner_backend
881922;23;39;20;3;3;4;0;6;2;74;45;57;beginner_backend
42664577;30;61;17;5;4;4;6;0;9;63;87;59;beginner_backend
71132459;21;67;0;3;3;3;0;4;3;67;66;73;beginner_backend
2634324;14;34;26;4;2;2;7;4;2;81;77;79;beginner_backend
37111847;52;83;0;4;3;3;5;5;2;76;74;74;beginner_backend
26569900;25;34;42;1;1;5;4;5;2;84;83;68;beginner_backend
13640601;81;66;59;6;4;4;8;4;3;56;73;72;beginner_backend
62862733;35;74;0;4;1;0;2;5;2;72;55;58;beginner_backend
77689265;24;38;39;2;2;6;5;2;3;64;64;51;beginner_backend
31841568;17;43;40;2;1;5;6;0;7;60;87;66;beginner_backend
29521480;25;65;0;4;1;1;1;6;3;71;70;71;beginner_backend
30914724;0;22;4;2;5;3;1;6;5;75;63;61;beginner_backend
9199868;19;50;22;2;2;2;1;4;3;76;63;64;beginner_backend
76659903;95;98;38;4;2;5;7;2;3;62;88;67;beginner_backend
6381209;40;40;39;4;6;5;4;5;4;71;64;60;beginner_backend
59498883;35;47;44;2;0;4;3;5;0;81;62;69;beginner_backend
39626517;36;68;0;2;0;1;3;2;5;80;74;69;beginner_backend
29894146;54;83;15;3;1;1;1;4;3;78;80;69;beginner_backend
48505364;20;27;53;2;4;3;2;5;4;74;66;70;beginner_backend
76730185;12;21;28;5;7;5;6;7;1;72;63;71;beginner_backend
9038845;54;69;25;4;3;2;2;9;0;77;59;66;beginner_backend
73520509;38;44;54;2;3;1;6;4;4;79;82;83;beginner_backend
27632867;33;51;20;0;2;3;3;9;0;77;63;66;beginner_backend
16702687;13;34;54;1;3;4;2;6;0;89;81;73;beginner_backend
69183293;52;62;0;0;0;6;3;6;1;54;45;45;beginner_backend
49939692;56;77;31;5;2;1;4;5;1;77;85;76;beginner_backend
43879138;48;42;49;1;0;4;6;3;2;71;72;57;beginner_backend
16715872;12;44;14;1;3;4;0;5;3;77;64;70;beginner_backend
76186832;35;59;6;4;2;2;3;4;4;71;62;69;beginner_backend
81804527;45;48;49;4;3;3;4;6;2;73;69;78;beginner_backend
51880125;23;53;32;3;3;5;4;3;6;59;80;70;beginner_backend
25463913;29;49;46;4;0;0;7;2;6;59;84;95;beginner_backend
41091196;2;30;22;3;8;6;5;1;8;83;86;67;beginner_backend
14312368;23;53;0;1;1;3;2;4;4;65;49;63;beginner_backend
33782736;4;45;36;3;4;2;3;5;1;92;78;79;beginner_backend
32197730;32;57;5;3;5;3;1;8;0;80;59;59;beginner_backend
25414861;0;10;12;0;4;4;4;2;8;76;72;70;beginner_backend
80722996;41;26;49;1;0;2;5;7;2;64;64;65;beginner_backend
40538368;26;67;20;5;5;1;3;6;0;81;70;75;beginner_backend
22913894;28;30;52;3;3;3;8;5;3;68;88;85;beginner_backend
31880586;56;67;36;3;1;2;0;6;4;59;70;70;beginner_backend
16940067;22;76;0;3;4;1;0;5;3;90;75;75;beginner_backend
59584680;32;61;0;1;3;4;1;2;8;67;62;53;beginner_backend
31423569;4;5;42;0;4;4;3;7;2;100;78;75;beginner_backend
77427406;2;21;32;4;3;3;7;4;1;90;75;70;beginner_backend
14431749;0;23;23;1;5;4;2;0;8;93;69;58;beginner_backend
27030149;43;46;49;3;1;1;7;7;0;80;90;95;beginner_backend
6670829;3;58;0;3;7;5;0;5;4;71;40;41;beginner_backend
33434484;6;31;21;2;2;5;4;5;1;78;67;61;beginner_backend
58847986;0;30;25;1;3;3;0;7;1;78;54;56;beginner_backend
66160733;0;15;29;0;3;5;2;8;0;93;64;64;beginner_backend
88459820;32;54;36;2;3;3;0;8;6;39;64;92;beginner_backend
49057405;14;3;62;0;4;9;9;1;5;90;96;61;beginner_backend
22555041;50;51;43;4;5;4;3;4;5;66;65;67;beginner_backend
79387159;24;43;29;5;6;1;3;8;3;66;56;82;beginner_backend
63641049;76;40;30;5;1;5;2;6;3;65;43;67;advanced_data_science
64397031;69;34;49;4;3;7;1;5;4;50;62;61;advanced_data_science
71027611;66;56;61;4;5;4;5;4;3;54;61;73;advanced_data_science
23086337;49;80;56;3;3;5;8;3;6;49;54;93;advanced_data_science
50575206;57;53;0;8;2;5;4;7;3;55;62;70;advanced_data_science
12186752;67;59;68;5;1;5;4;4;6;70;50;93;advanced_data_science
71064641;47;40;16;6;3;7;3;3;5;40;73;83;advanced_data_science
80001524;52;19;23;6;5;4;0;7;0;56;66;51;advanced_data_science
4513616;42;86;0;10;3;7;6;6;2;57;80;79;advanced_data_science
54220287;25;79;18;6;1;9;0;9;2;64;55;55;advanced_data_science
68447388;58;47;51;4;4;4;3;6;2;?;52;59;advanced_data_science
30934366;65;38;24;6;2;8;2;4;4;51;63;70;advanced_data_science
90779134;65;6;37;2;2;5;0;7;6;52;42;67;advanced_data_science
90609696;60;35;30;4;4;5;1;5;1;64;58;63;advanced_data_science
71845128;33;49;34;3;0;7;0;7;4;64;52;62;advanced_data_science
70821315;37;92;11;6;4;5;5;10;1;63;46;47;advanced_data_science
90437413;14;28;43;3;4;5;0;2;3;60;86;86;advanced_data_science
90609696;60;35;30;4;4;5;1;5;1;64;58;63;advanced_data_science
46635881;62;50;21;3;2;6;3;5;6;46;66;86;advanced_data_science
49559998;62;31;51;3;3;7;1;3;5;52;60;75;advanced_data_science
7269566;46;47;0;7;2;9;0;5;3;46;78;71;advanced_data_science
74258673;46;68;39;5;3;5;5;8;2;63;56;68;advanced_data_science
59009338;93;30;83;4;2;4;5;0;5;58;47;100;advanced_data_science
49906266;63;67;45;6;2;8;4;4;5;52;54;85;advanced_data_science
19578516;55;64;63;3;4;4;6;2;2;62;52;73;advanced_data_science
62825481;82;48;36;6;4;7;4;9;5;49;66;62;advanced_data_science
29960522;53;66;20;4;2;6;2;6;3;62;42;70;advanced_data_science
64969028;57;32;17;5;1;7;0;4;1;67;68;64;advanced_data_science
84047075;36;67;7;6;2;8;3;7;6;46;81;82;advanced_data_science
55180616;44;68;36;4;3;3;1;5;0;87;28;72;advanced_data_science
99832035;69;69;26;5;3;4;4;6;4;64;35;63;advanced_data_science
24806451;64;49;49;6;3;4;4;2;4;59;44;87;advanced_data_science
57308138;41;39;29;5;2;6;0;5;3;64;57;74;advanced_data_science
27300740;46;55;28;5;3;5;3;6;4;65;52;71;advanced_data_science
73494127;51;31;31;4;5;4;1;3;1;62;54;60;advanced_data_science
68922573;68;45;34;5;4;4;4;3;1;70;64;86;advanced_data_science
67637284;55;48;40;4;5;5;3;5;4;51;77;77;advanced_data_science
47631011;52;25;69;2;3;4;1;3;3;55;44;60;advanced_data_science
12590628;47;33;9;6;3;6;1;3;2;58;77;73;advanced_data_science
45698997;37;46;23;4;6;1;5;8;1;61;55;57;advanced_data_science
31650794;52;53;74;1;4;3;6;3;6;49;50;80;advanced_data_science
65981424;82;0;35;5;?;3;3;4;2;47;41;56;advanced_data_science
15794244;56;23;0;6;0;8;0;6;3;63;67;66;advanced_data_science
46423147;16;62;20;4;4;5;4;5;4;48;52;62;advanced_data_science
30598325;63;26;0;9;2;6;2;3;2;62;59;77;advanced_data_science
23628633;35;69;23;7;2;8;2;7;4;58;97;85;advanced_data_science
3516387;29;69;63;2;5;5;4;3;5;44;67;72;advanced_data_science
9633329;43;71;41;6;3;5;4;1;2;64;60;79;advanced_data_science
60404717;56;36;40;4;2;5;2;3;4;57;49;79;advanced_data_science
19851373;42;32;0;9;0;10;0;2;3;55;89;96;advanced_data_science
55025505;48;33;26;4;4;1;5;9;2;61;56;56;advanced_data_science
2179789;56;33;43;5;2;5;2;6;2;60;49;55;advanced_data_science
88679750;43;62;0;9;3;7;1;7;1;60;80;75;advanced_data_science
68493205;16;63;31;3;5;4;3;6;1;64;71;60;advanced_data_science
75386232;77;45;29;7;2;5;5;4;4;52;55;75;advanced_data_science
48125977;60;56;6;7;2;7;4;8;4;53;64;60;advanced_data_science
96889220;43;28;57;3;3;4;1;2;3;62;59;77;advanced_data_science
14733415;44;37;20;5;2;5;2;2;4;49;42;72;advanced_data_science
74897831;53;59;43;3;4;2;6;7;3;66;43;72;advanced_data_science
79432056;59;59;29;7;2;7;7;5;4;42;72;77;advanced_data_science
27217100;50;39;18;5;4;6;2;3;1;54;76;69;advanced_data_science
13117630;67;45;40;6;2;7;3;0;5;55;68;100;advanced_data_science
19695223;44;36;36;6;2;4;3;5;2;60;44;54;advanced_data_science
44774205;41;69;24;5;5;1;5;6;0;80;43;67;advanced_data_science
67068866;51;24;36;4;2;7;0;0;2;63;61;87;advanced_data_science
94960418;42;22;42;5;4;3;4;4;1;55;48;51;advanced_data_science
64754203;63;61;12;6;3;3;6;6;4;60;52;80;advanced_data_science
14235216;29;29;52;2;4;0;3;4;4;71;48;85;advanced_data_science
14761528;60;0;64;5;1;8;0;0;4;50;73;77;advanced_data_science
24689656;66;47;21;5;4;3;1;9;1;70;47;55;advanced_data_science
61656089;19;69;?;5;4;3;1;5;1;86;42;79;advanced_data_science
94109083;58;56;93;4;5;5;2;1;0;78;45;74;advanced_data_science
64433594;26;48;23;5;2;5;2;4;2;68;70;78;advanced_data_science
34330828;62;29;19;8;0;8;0;2;5;56;54;94;advanced_data_science
50534968;55;60;15;3;2;4;6;7;5;50;60;70;advanced_data_science
53933252;49;29;45;5;4;3;2;3;2;67;55;80;advanced_data_science
85939706;47;64;70;2;2;5;2;3;5;67;40;84;advanced_data_science
62420479;16;38;0;4;4;5;2;9;1;48;92;49;advanced_data_science
97750451;80;69;12;6;2;6;4;10;5;52;59;62;advanced_data_science
97502948;77;76;29;7;1;7;6;2;4;55;48;90;advanced_data_science
86835918;70;60;38;7;4;5;9;1;2;44;54;78;advanced_data_science
34160127;56;77;12;4;3;3;5;10;4;67;49;78;advanced_data_science
82057195;33;43;23;7;?;7;2;5;0;57;75;65;advanced_data_science
29702723;55;58;15;6;4;4;5;6;2;60;67;80;advanced_data_science
77460978;68;84;27;7;1;7;5;3;4;61;52;98;advanced_data_science
88259782;70;86;9;7;2;5;7;6;3;62;51;74;advanced_data_science
15913597;46;46;33;5;2;4;3;7;5;67;47;79;advanced_data_science
97475207;31;72;23;5;3;3;7;6;3;60;55;78;advanced_data_science
59573621;33;51;40;5;2;8;0;2;3;67;49;71;advanced_data_science
86957561;29;25;0;6;3;8;0;5;2;51;99;68;advanced_data_science
79028552;14;64;34;4;2;7;2;5;5;56;85;86;advanced_data_science
5677719;50;66;25;6;3;6;5;5;5;53;60;82;advanced_data_science
59309645;43;40;55;6;3;6;3;1;4;53;74;86;advanced_data_science
33522241;43;52;43;3;3;4;0;6;4;62;45;70;advanced_data_science
992203;44;46;57;5;6;3;2;1;1;67;65;91;advanced_data_science
91799051;78;51;50;4;4;5;4;6;3;58;54;61;advanced_data_science
79320162;83;70;49;7;2;6;5;4;3;67;35;80;advanced_data_science
92758139;63;21;75;2;1;6;1;3;5;56;47;61;advanced_data_science
26017109;28;25;35;7;4;5;3;6;3;46;81;65;advanced_data_science
94084523;44;12;52;4;5;3;0;1;1;63;66;73;advanced_data_science
51549328;59;69;-1;6;0;7;3;7;6;52;50;75;advanced_data_science
30248252;33;61;15;7;3;5;5;9;2;52;73;59;advanced_data_science
83878453;43;31;13;4;2;6;0;2;5;49;68;83;advanced_data_science
73585223;53;32;0;6;1;7;1;7;1;60;65;52;advanced_data_science
23452000;34;21;36;5;5;2;1;0;1;68;60;87;advanced_data_science
20432696;47;38;36;3;4;5;2;6;3;45;60;53;advanced_data_science
16063006;60;31;74;1;6;1;4;4;3;57;57;71;advanced_data_science
41468619;41;47;31;5;3;6;4;6;3;45;54;63;advanced_data_science
93902802;53;50;2;6;2;7;2;5;3;47;70;62;advanced_data_science
3809497;43;64;31;3;2;4;4;5;4;62;47;86;advanced_data_science
2215214;66;42;0;9;3;5;4;4;1;64;61;77;advanced_data_science
57334262;46;41;45;4;4;3;2;3;0;73;64;73;advanced_data_science
74652988;76;24;18;8;3;5;4;1;0;55;49;66;advanced_data_science
58861335;102;14;27;5;4;7;4;7;5;33;75;66;advanced_data_science
60325073;70;28;33;6;3;4;2;4;3;66;42;73;advanced_data_science
76502909;47;68;23;6;5;3;4;5;3;66;80;87;advanced_data_science
24961308;43;50;26;7;2;7;1;4;2;58;68;75;advanced_data_science
97189330;27;45;49;3;3;5;1;6;2;68;46;46;advanced_data_science
87794531;36;86;15;5;3;6;5;4;6;53;58;85;advanced_data_science
61404841;47;68;16;6;0;7;2;3;6;54;44;88;advanced_data_science
36831991;60;34;39;4;3;3;6;7;6;44;85;88;advanced_data_science
50174682;79;25;55;3;4;6;0;8;1;53;52;34;advanced_data_science
94588414;46;49;21;5;3;3;6;5;4;50;67;87;advanced_data_science
58159685;12;63;49;1;5;1;4;5;2;67;45;68;advanced_data_science
55708274;35;36;57;5;6;5;1;3;0;54;69;62;advanced_data_science
8636876;74;70;19;8;4;5;8;4;3;51;49;73;advanced_data_science
67351828;34;43;51;7;4;1;5;1;4;44;63;70;advanced_data_science
45646280;44;55;61;3;4;4;1;2;3;74;80;100;advanced_data_science
11826609;29;61;20;6;2;6;2;5;3;67;79;86;advanced_data_science
55081577;35;76;72;2;3;5;4;6;5;64;31;71;advanced_data_science
41963587;49;43;-1;7;3;5;0;8;0;72;47;52;advanced_data_science
48570838;95;51;43;6;3;5;4;3;5;65;58;97;advanced_data_science
48102844;32;76;39;4;6;3;5;5;1;56;49;67;advanced_data_science
55037707;64;44;45;4;4;6;2;3;2;57;64;72;advanced_data_science
39082337;43;48;39;4;4;5;0;4;2;63;52;66;advanced_data_science
25840078;47;41;9;4;2;5;0;5;4;67;64;81;advanced_data_science
8252791;43;71;16;5;3;4;3;7;3;76;66;81;advanced_data_science
27032628;78;35;67;5;3;6;4;3;4;53;53;66;advanced_data_science
25471264;47;76;6;5;2;5;4;9;4;54;49;54;advanced_data_science
71137797;45;66;8;8;3;4;4;3;0;77;33;59;advanced_data_science
69751503;44;61;41;2;2;4;2;6;6;64;64;95;advanced_data_science
46469196;76;53;11;6;4;4;7;9;4;42;50;45;advanced_data_science
52840924;54;59;-1;6;1;6;1;5;2;75;51;81;advanced_data_science
22859250;40;38;27;4;4;4;1;7;3;55;76;68;advanced_data_science
32347408;57;54;54;3;3;4;4;6;4;63;48;72;advanced_data_science
86740070;61;22;34;4;2;4;1;6;2;65;40;52;advanced_data_science
76880194;62;15;8;7;5;2;3;6;0;56;68;58;advanced_data_science
45290312;23;44;54;3;1;5;4;4;3;42;78;68;advanced_data_science
7640246;53;48;23;7;3;5;4;4;1;53;44;59;advanced_data_science
47987604;20;46;52;4;3;3;1;5;6;44;85;55;advanced_data_science
553904;54;69;28;6;3;7;5;6;4;50;61;75;advanced_data_science
15824870;48;21;20;5;2;8;0;5;1;57;56;39;advanced_data_science
36266790;53;42;23;6;2;5;2;4;4;61;80;95;advanced_data_science
2823783;67;56;31;4;3;3;6;7;2;62;43;59;advanced_data_science
22165398;47;40;3;8;2;9;1;4;3;46;79;80;advanced_data_science
42262194;23;55;23;5;2;5;0;3;1;86;38;80;advanced_data_science
44781772;36;45;48;4;3;5;0;6;2;69;54;68;advanced_data_science
45210101;49;66;55;3;5;3;6;10;1;58;56;40;advanced_data_science
97519381;47;62;30;4;5;6;0;7;3;56;71;62;advanced_data_science
99064805;61;40;50;6;3;4;3;0;2;69;58;88;advanced_data_science
68561662;49;54;37;4;6;2;7;3;1;47;55;64;advanced_data_science
61388167;87;78;0;9;0;7;8;5;7;62;63;100;advanced_data_science
10560186;52;59;25;6;3;5;4;7;4;54;60;75;advanced_data_science
86192037;55;35;55;3;5;3;5;5;3;45;50;51;advanced_data_science
14248637;61;52;14;5;4;5;4;8;3;48;74;59;advanced_data_science
89419069;14;65;25;6;0;8;0;6;5;69;57;78;advanced_data_science
79496351;47;43;45;4;3;2;6;5;6;53;59;88;advanced_data_science
12466430;20;61;6;5;2;7;3;6;3;52;81;61;advanced_data_science
17175801;51;38;10;4;5;4;3;8;2;47;62;46;advanced_data_science
2369502;32;40;8;2;3;4;0;7;1;75;33;44;advanced_data_science
39698449;49;48;38;6;5;4;4;4;2;56;77;81;advanced_data_science
58884730;53;57;38;5;2;6;4;3;5;51;47;74;advanced_data_science
91025676;59;19;33;4;4;5;1;2;2;57;74;74;advanced_data_science
8649200;49;54;10;5;3;6;4;5;5;51;56;78;advanced_data_science
64229505;79;51;19;6;2;6;5;3;5;48;54;88;advanced_data_science
92547764;52;26;10;8;3;8;0;5;2;55;92;85;advanced_data_science
91366263;62;43;29;7;2;8;5;4;6;33;71;83;advanced_data_science
91817283;61;60;7;5;2;4;3;8;2;67;45;62;advanced_data_science
3499420;40;43;23;6;3;5;0;4;2;54;60;62;advanced_data_science
65664458;61;60;20;6;1;8;4;7;5;52;68;73;advanced_data_science
78716618;39;17;27;6;3;5;1;2;2;59;76;78;advanced_data_science
67867446;49;29;0;6;2;7;0;7;4;60;69;62;advanced_data_science
3552193;28;62;38;3;3;6;0;4;5;66;60;85;advanced_data_science
51700528;53;53;21;5;2;5;4;0;3;79;76;67;advanced_backend
52570670;72;54;18;1;2;5;5;4;8;62;77;51;advanced_backend
84923020;68;41;40;3;1;3;7;6;8;66;70;73;advanced_backend
66389312;0;46;26;4;4;6;6;1;5;76;92;63;advanced_backend
51071080;24;15;25;7;1;8;5;6;11;85;78;87;advanced_backend
63575105;59;31;11;8;6;4;3;7;2;53;56;72;advanced_backend
49844573;36;54;25;6;4;5;4;4;4;62;65;67;advanced_backend
1343358;10;1;-1;7;4;7;5;6;10;74;100;52;advanced_backend
48815215;45;38;14;3;1;1;9;3;3;68;72;82;advanced_backend
30197662;38;47;10;4;4;7;4;0;8;96;83;56;advanced_backend
24851875;13;82;56;3;1;6;6;4;4;67;65;63;advanced_backend
9090272;48;85;44;3;1;4;7;2;1;59;49;73;advanced_backend
26731875;56;32;28;4;2;4;7;5;9;76;75;69;advanced_backend
79598545;38;58;36;7;6;3;3;2;4;72;66;75;advanced_backend
78530673;43;18;19;6;1;5;5;7;6;73;74;76;advanced_backend
52506402;24;76;54;3;2;5;5;5;5;55;71;64;advanced_backend
85708758;0;25;19;8;3;8;7;1;7;100;93;61;advanced_backend
54239268;8;41;34;6;4;8;4;6;8;58;87;65;advanced_backend
15374551;38;16;0;6;6;2;6;1;3;70;71;81;advanced_backend
57456590;21;70;46;6;6;5;6;4;5;56;52;70;advanced_backend
91500936;58;54;13;4;3;3;4;2;2;68;69;67;advanced_backend
62501578;26;25;23;4;3;2;7;2;6;82;84;84;advanced_backend
61420445;53;65;18;4;3;3;7;1;3;67;60;59;advanced_backend
19474164;26;25;47;2;2;2;4;6;8;73;97;100;advanced_backend
83795319;52;35;37;2;2;3;5;5;8;68;96;64;advanced_backend
51930159;11;36;8;6;5;6;7;2;6;73;72;57;advanced_backend
617899;41;44;18;6;6;6;1;3;6;72;81;64;advanced_backend
5218455;63;56;49;3;1;5;5;6;9;75;77;47;advanced_backend
29484255;16;92;33;8;7;9;3;0;3;62;45;52;advanced_backend
57708475;42;69;81;7;1;8;1;10;7;61;58;77;advanced_backend
96579743;43;10;6;6;5;5;4;3;8;75;89;77;advanced_backend
28228552;33;49;43;2;0;5;4;3;8;82;92;73;advanced_backend
17053699;41;65;32;4;1;6;7;5;3;51;64;51;advanced_backend
79506193;29;59;31;3;2;4;8;4;6;61;73;66;advanced_backend
40704840;13;43;47;6;3;4;6;7;5;61;75;81;advanced_backend
37816397;42;74;63;6;1;7;5;5;8;69;52;77;advanced_backend
74605300;17;28;0;7;6;6;3;2;5;78;83;56;advanced_backend
21357296;26;51;26;8;4;6;4;3;2;71;60;70;advanced_backend
84709405;0;25;3;6;5;7;3;3;7;72;97;73;advanced_backend
56723169;24;52;29;4;2;6;3;4;6;75;85;59;advanced_backend
50934870;64;47;3;6;5;4;4;2;1;57;56;74;advanced_backend
37816597;0;29;23;5;0;8;5;1;7;100;88;76;advanced_backend
10683152;24;39;38;6;3;4;5;5;5;71;72;82;advanced_backend
21073868;45;42;6;7;5;5;3;3;2;65;63;74;advanced_backend
59905756;22;34;28;7;4;8;3;2;8;91;82;68;advanced_backend
4793143;11;35;5;7;6;5;4;3;0;54;74;58;advanced_backend
37084058;63;52;19;3;2;5;5;3;6;64;72;59;advanced_backend
43874516;15;80;46;5;2;5;3;4;1;61;67;72;advanced_backend
59024075;0;33;15;6;4;5;9;2;6;72;70;72;advanced_backend
95764727;34;39;24;4;3;3;8;1;6;88;74;69;advanced_backend
52481046;26;59;58;6;0;7;6;8;8;63;50;88;advanced_backend
62796290;34;31;3;7;6;5;6;1;6;75;77;69;advanced_backend
55168117;23;24;19;6;4;4;3;3;2;71;81;100;advanced_backend
55962644;30;87;82;5;0;6;6;6;8;66;49;81;advanced_backend
92083949;82;22;0;5;4;3;4;5;7;68;74;69;advanced_backend
87049331;38;75;40;5;2;4;6;3;0;60;59;58;advanced_backend
52824924;55;39;33;4;3;4;4;6;9;64;86;74;advanced_backend
5087021;45;53;22;3;5;2;6;5;5;44;73;67;advanced_backend
81345457;7;37;29;9;2;7;6;2;4;83;61;89;advanced_backend
67000034;47;58;38;1;1;3;7;2;7;79;75;82;advanced_backend
55076909;22;52;27;7;5;8;3;3;8;72;73;67;advanced_backend
44034770;0;81;63;2;1;8;3;0;6;85;92;82;advanced_backend
91791777;65;26;12;4;5;1;6;3;5;63;77;74;advanced_backend
10472213;0;49;27;6;4;5;7;0;4;77;64;95;advanced_backend
592673;21;61;27;4;3;1;8;0;0;72;62;89;advanced_backend
96846619;15;45;27;4;1;4;8;0;5;94;78;77;advanced_backend
18042155;38;70;50;6;1;4;4;2;4;85;50;92;advanced_backend
64462242;35;67;32;4;4;4;4;2;3;68;79;54;advanced_backend
32362772;23;63;15;5;3;5;5;0;4;98;64;66;advanced_backend
66602003;53;52;16;4;4;2;8;2;5;60;67;63;advanced_backend
10408749;13;36;4;4;1;6;7;1;6;87;78;73;advanced_backend
83752787;32;50;22;0;4;0;6;2;3;61;81;75;advanced_backend
155182;8;83;49;1;2;4;7;0;5;68;85;59;advanced_backend
28756623;2;70;49;6;1;9;4;4;6;76;71;64;advanced_backend
66661661;20;51;23;4;6;6;5;5;6;45;82;47;advanced_backend
19846915;61;35;22;2;1;5;6;5;8;73;85;50;advanced_backend
20221437;0;67;51;5;1;6;6;0;6;90;76;82;advanced_backend
44863888;71;40;29;2;0;6;4;3;11;86;92;65;advanced_backend
14725212;61;45;28;3;1;4;5;5;10;74;74;73;advanced_backend
50893760;48;66;40;6;3;5;4;4;3;61;57;71;advanced_backend
22526827;0;?;52;9;2;7;5;6;4;66;56;84;advanced_backend
75003982;20;37;5;4;3;3;7;2;4;65;78;74;advanced_backend
49835099;17;39;45;7;1;7;2;3;7;97;76;99;advanced_backend
41629676;2;64;31;7;4;5;7;3;2;56;51;79;advanced_backend
16973657;17;59;19;8;5;10;2;1;5;82;69;55;advanced_backend
37599894;0;50;52;6;3;7;4;3;6;80;82;80;advanced_backend
4900671;51;42;25;3;2;2;4;3;4;73;76;78;advanced_backend
87207197;16;17;8;5;4;5;6;2;7;74;81;90;advanced_backend
55107922;50;51;7;7;7;3;6;2;2;55;52;66;advanced_backend
91295746;33;65;32;4;4;4;6;0;3;67;67;68;advanced_backend
68334013;0;40;-1;5;4;7;7;0;6;77;77;76;advanced_backend
73396016;56;47;53;4;0;4;4;5;5;80;67;99;advanced_backend
68582785;0;44;52;4;1;6;9;6;10;91;67;64;advanced_backend
9190848;13;14;18;7;4;5;4;8;8;75;86;67;advanced_backend
13925436;46;56;41;5;1;1;9;3;2;70;54;77;advanced_backend
87238853;46;63;36;4;2;3;5;3;4;64;70;71;advanced_backend
96967091;39;109;76;5;2;7;1;0;2;79;46;85;advanced_backend
59929817;8;46;37;5;2;10;5;1;12;94;88;67;advanced_backend
49867645;67;27;26;2;2;3;6;6;11;78;88;63;advanced_backend
7832469;22;72;51;3;1;4;6;4;4;63;59;84;advanced_backend
90007226;34;0;0;9;7;5;3;6;9;73;85;100;advanced_backend
83988298;8;35;17;7;4;5;7;5;5;66;68;72;advanced_backend
93678222;14;50;14;4;4;3;7;0;1;64;77;75;advanced_backend
47001368;9;34;8;7;5;7;4;2;6;80;81;63;advanced_backend
64849866;24;54;26;4;3;6;3;3;4;73;80;66;advanced_backend
56032454;24;57;9;6;5;6;4;1;4;68;66;65;advanced_backend
76328183;57;46;24;4;2;3;7;4;5;63;73;61;advanced_backend
71475895;16;76;38;3;5;5;6;1;6;61;73;60;advanced_backend
26128365;28;37;31;3;3;4;3;4;6;76;90;76;advanced_backend
14948958;44;43;45;2;0;2;5;4;5;83;83;85;advanced_backend
2441468;0;34;26;4;3;2;10;0;4;87;74;84;advanced_backend
24056761;45;49;9;7;6;4;5;3;3;55;55;73;advanced_backend
58240594;0;55;21;5;5;6;5;4;3;58;67;62;advanced_backend
15312394;27;79;43;5;2;7;6;1;4;75;62;60;advanced_backend
68217515;24;49;41;6;2;5;5;2;5;88;76;71;advanced_backend
43927610;23;63;34;3;3;3;7;3;4;63;74;59;advanced_backend
89208916;17;32;26;4;2;1;8;5;3;66;73;78;advanced_backend
712698;60;51;39;0;1;3;8;5;10;67;84;58;advanced_backend
32346060;8;66;34;4;3;6;4;1;5;73;82;65;advanced_backend
13182488;34;57;30;7;1;6;5;0;1;86;59;80;advanced_backend
59905756;22;34;28;7;4;8;3;2;8;91;82;68;advanced_backend
65279245;32;84;50;4;2;4;8;3;2;57;57;55;advanced_backend
92159576;0;47;41;5;2;5;6;2;2;79;80;91;advanced_backend
76531371;85;51;0;3;5;1;5;0;1;75;58;68;advanced_backend
94336326;45;59;4;3;?;4;3;3;5;55;73;58;advanced_backend
97663932;27;67;52;3;2;4;2;4;4;75;80;70;advanced_backend
90007226;34;0;0;9;7;5;3;6;9;73;85;100;advanced_backend
39607777;0;22;0;9;5;4;5;0;2;88;68;100;advanced_backend
52140475;7;17;0;7;4;6;7;0;5;90;74;83;advanced_backend
59201554;26;30;22;5;2;6;6;4;7;75;72;80;advanced_backend
155182;8;83;49;1;2;4;7;0;5;68;85;59;advanced_backend
7243966;16;20;0;9;5;7;5;2;6;79;67;65;advanced_backend
33810354;27;55;44;3;1;2;6;3;3;73;72;78;advanced_backend
96878666;48;60;11;2;4;3;6;2;4;58;69;55;advanced_backend
51891647;33;70;51;3;2;4;6;4;7;57;73;72;advanced_backend
96730004;30;48;41;5;1;7;4;3;10;85;88;64;advanced_backend
81431705;15;34;0;7;8;7;2;4;5;50;72;69;advanced_backend
79581634;17;65;40;2;3;7;3;1;8;75;89;?;advanced_backend
2745069;36;20;13;6;3;7;5;7;9;66;65;86;advanced_backend
80820796;52;40;27;4;5;5;2;5;7;61;91;52;advanced_backend
43597241;11;54;37;5;2;6;4;3;5;82;71;78;advanced_backend
74480679;36;27;37;4;1;3;5;5;7;85;94;71;advanced_backend
94639700;83;87;2;3;5;0;8;0;0;46;45;?;advanced_backend
41493739;20;42;30;8;6;8;3;5;6;70;65;67;advanced_backend
26775227;71;7;0;4;5;3;3;6;7;66;86;77;advanced_backend
74105406;17;66;80;2;0;6;5;2;7;98;87;85;advanced_backend
19017699;38;41;23;6;3;3;5;1;4;83;69;90;advanced_backend
4548614;58;83;47;1;5;4;4;1;4;57;69;63;advanced_backend
64140217;13;36;42;6;0;6;6;2;6;96;74;87;advanced_backend
76531371;85;51;0;3;5;1;5;0;1;75;58;68;advanced_backend
6534308;1;31;16;4;2;6;6;0;7;97;98;73;advanced_backend
76505736;15;11;8;11;6;9;1;5;6;78;77;65;advanced_backend
92396603;29;78;59;4;0;3;9;0;1;84;?;77;advanced_backend
75391780;0;89;55;7;2;11;6;3;8;77;41;62;advanced_backend
9451296;29;55;28;4;3;5;8;5;7;57;56;70;advanced_backend
25833510;29;45;14;6;4;7;5;4;7;60;70;?;advanced_backend
23396299;45;66;42;5;3;6;4;5;5;55;57;81;advanced_backend
11020729;78;80;39;2;4;5;3;1;7;64;72;51;advanced_backend
20747293;0;15;10;6;3;8;5;2;9;93;97;75;advanced_backend
93819436;42;54;2;6;6;2;9;1;1;58;50;57;advanced_backend
22343328;19;61;40;5;3;4;5;1;4;79;71;77;advanced_backend
32252631;47;25;7;5;4;5;4;3;6;75;76;77;advanced_backend
82510069;33;68;29;2;2;2;5;3;0;57;77;65;advanced_backend
13930642;89;36;0;4;4;3;5;0;6;77;71;63;advanced_backend
50966947;63;80;28;2;3;4;8;6;7;39;52;35;advanced_backend
52506402;24;76;54;3;2;5;5;5;5;55;71;64;advanced_backend
12850311;78;43;24;4;2;3;7;2;7;86;75;45;advanced_backend
83702533;23;51;11;6;5;4;7;0;3;73;69;60;advanced_backend
91934605;0;68;35;7;2;8;6;0;5;85;55;82;advanced_backend
19462658;65;52;34;4;2;7;6;6;10;58;60;61;advanced_backend
32513178;60;77;24;6;2;7;6;2;3;67;34;66;advanced_backend
92034490;40;64;45;5;4;5;3;4;7;61;67;83;advanced_backend
17804402;43;65;16;8;4;8;5;2;2;64;36;66;advanced_backend
10198465;21;23;18;7;2;6;5;3;7;87;77;84;advanced_backend
2424936;42;62;46;4;0;4;6;2;7;82;57;91;advanced_backend
1436979;5;53;46;9;4;9;4;4;8;83;62;70;advanced_backend
54166539;4;24;20;7;5;9;2;6;8;61;91;66;advanced_backend
4542535;31;41;31;5;3;4;3;3;4;71;81;86;advanced_backend
79422023;29;40;31;6;4;6;4;3;4;76;65;81;advanced_backend
59780057;35;69;30;3;2;5;6;0;4;84;69;62;advanced_backend
40076879;12;60;37;5;3;6;4;1;4;79;76;70;advanced_backend
34912414;17;83;76;1;2;3;6;4;4;55;71;78;advanced_backend
150906;0;36;58;5;0;7;7;4;10;97;78;96;advanced_backend
